index,LinkedIn_Company
111,https://www.linkedin.com/company/biodental-produtos
135,https://www.linkedin.com/company/spine-implantes-importação-e-exportação
145,https://www.linkedin.com/company/dental-implant-technologies
146,https://www.linkedin.com/company/ca-medical
139,https://www.linkedin.com/company/5s-sistemas-médicos
165,https://www.linkedin.com/company/libertae-medical-tech
159,https://www.linkedin.com/company/ótima
134,https://www.linkedin.com/company/dental-paulista
112,https://www.linkedin.com/company/loja-dental-prime
173,https://www.linkedin.com/company/qualidental
125,https://www.linkedin.com/company/luimed-distribuidora
117,https://www.linkedin.com/company/medika
138,https://www.linkedin.com/company/oxigen
